"","filter","col","item","Model","OR","ci","z","p","k","H","H.ci","I","I.ci","tau","tau.ci","tau2","tau2.ci","Q","Q.pval"
"1","all","location_Simon","community","Fixed","0.76","[0.70; 0.83]",-5.882,0,19,3.94,"[3.38;4.58]",0.94,"[0.91;0.95]",0.74,"[0.48;1.15]",0.54,"[0.23;1.32]",279.22,0
"2","all","location_Simon","community","Random","0.67","[0.45; 0.98]",-2,0,19,3.94,"[3.38;4.58]",0.94,"[0.91;0.95]",0.74,"[0.48;1.15]",0.54,"[0.23;1.32]",279.22,0
"3","all","location_Simon","institution","Fixed","0.55","[0.49; 0.61]",-10.472,0,20,2.13,"[1.72;2.62]",0.78,"[0.66;0.85]",0.56,"[0.34;0.88]",0.32,"[0.12;0.77]",85.87,0
"4","all","location_Simon","institution","Random","0.50","[0.37; 0.68]",-5,0,20,2.13,"[1.72;2.62]",0.78,"[0.66;0.85]",0.56,"[0.34;0.88]",0.32,"[0.12;0.77]",85.87,0
"5","all","location_Simon","both","Fixed","1.01","[0.86; 1.19]",0.177,0.86,10,1.97,"[1.44;2.7]",0.74,"[0.52;0.86]",0.72,"[0.34;1.46]",0.52,"[0.12;2.14]",35.07,0
"6","all","location_Simon","both","Random","0.76","[0.42; 1.37]",-1,0,10,1.97,"[1.44;2.7]",0.74,"[0.52;0.86]",0.72,"[0.34;1.46]",0.52,"[0.12;2.14]",35.07,0
"7","all","location_Simon","not mentioned","Fixed","0.37","[0.15; 0.89]",-2.21,0.027,1,NA,"[NA;NA]",NA,"[NA;NA]",NA,"[NA;NA]",NA,"[NA;NA]",0,NA
"8","all","location_Simon","not mentioned","Random","","",-2,0,1,NA,"[NA;NA]",NA,"[NA;NA]",NA,"[NA;NA]",NA,"[NA;NA]",0,NA
"9","all","Pathway1","community","Fixed","0.85","[0.78; 0.93]",-3.647,0,18,4.07,"[3.49;4.74]",0.94,"[0.92;0.96]",0.67,"[0.42;1.05]",0.44,"[0.17;1.1]",281.52,0
"10","all","Pathway1","community","Random","0.86","[0.60; 1.23]",-1,0,18,4.07,"[3.49;4.74]",0.94,"[0.92;0.96]",0.67,"[0.42;1.05]",0.44,"[0.17;1.1]",281.52,0
"11","all","Pathway1","diversion","Fixed","0.39","[0.28; 0.56]",-5.101,0,5,1.25,"[1;2.05]",0.36,"[0;0.76]",0.4,"[0;1.47]",0.16,"[0;2.15]",6.29,0.178
"12","all","Pathway1","diversion","Random","0.38","[0.19; 0.72]",-4,0,5,1.25,"[1;2.05]",0.36,"[0;0.76]",0.4,"[0;1.47]",0.16,"[0;2.15]",6.29,0.178
"13","all","Pathway1","institution","Fixed","0.55","[0.49; 0.61]",-10.527,0,20,2.11,"[1.71;2.61]",0.78,"[0.66;0.85]",0.55,"[0.33;0.85]",0.3,"[0.11;0.72]",84.55,0
"14","all","Pathway1","institution","Random","0.50","[0.37; 0.66]",-5,0,20,2.11,"[1.71;2.61]",0.78,"[0.66;0.85]",0.55,"[0.33;0.85]",0.3,"[0.11;0.72]",84.55,0
"15","all","Pathway1","both","Fixed","0.83","[0.62;  1.10]",-1.302,0.193,6,2.23,"[1.51;3.29]",0.8,"[0.56;0.91]",0.91,"[0.43;2.48]",0.84,"[0.18;6.16]",24.88,0
"16","all","Pathway1","both","Random","0.61","[0.20;  1.90]",-1,0,6,2.23,"[1.51;3.29]",0.8,"[0.56;0.91]",0.91,"[0.43;2.48]",0.84,"[0.18;6.16]",24.88,0
"17","all","Pathway1","not mentioned","Fixed","0.37","[0.15; 0.89]",-2.21,0.027,1,NA,"[NA;NA]",NA,"[NA;NA]",NA,"[NA;NA]",NA,"[NA;NA]",0,NA
"18","all","Pathway1","not mentioned","Random","","",-2,0,1,NA,"[NA;NA]",NA,"[NA;NA]",NA,"[NA;NA]",NA,"[NA;NA]",0,NA
"19","all","Gendered","Yes","Fixed","0.82","[0.73; 0.93]",-3.135,0.002,21,2.7,"[2.26;3.23]",0.86,"[0.8;0.9]",0.66,"[0.43;1]",0.43,"[0.19;1]",145.79,0
"20","all","Gendered","Yes","Random","0.52","[0.37; 0.73]",-4,0,21,2.7,"[2.26;3.23]",0.86,"[0.8;0.9]",0.66,"[0.43;1]",0.43,"[0.19;1]",145.79,0
"21","all","Gendered","No","Fixed","0.64","[0.58; 0.69]",-10.281,0,23,3.48,"[3;4.03]",0.92,"[0.89;0.94]",0.73,"[0.5;1.08]",0.54,"[0.25;1.16]",266.4,0
"22","all","Gendered","No","Random","0.67","[0.48; 0.95]",-2,0,23,3.48,"[3;4.03]",0.92,"[0.89;0.94]",0.73,"[0.5;1.08]",0.54,"[0.25;1.16]",266.4,0
"23","all","Gendered","Partially","Fixed","0.81","[0.69; 0.95]",-2.625,0.009,6,1.74,"[1.13;2.69]",0.67,"[0.21;0.86]",0.37,"[0.1;1.06]",0.14,"[0.01;1.13]",15.14,0.01
"24","all","Gendered","Partially","Random","0.66","[0.42; 1.04]",-2,0,6,1.74,"[1.13;2.69]",0.67,"[0.21;0.86]",0.37,"[0.1;1.06]",0.14,"[0.01;1.13]",15.14,0.01
"25","all","focus_Simon","Substance Use","Fixed","0.82","[0.73; 0.91]",-3.699,0,23,2.71,"[2.29;3.22]",0.86,"[0.81;0.9]",0.67,"[0.45;1]",0.45,"[0.2;1]",161.79,0
"26","all","focus_Simon","Substance Use","Random","0.62","[0.45; 0.85]",-3,0,23,2.71,"[2.29;3.22]",0.86,"[0.81;0.9]",0.67,"[0.45;1]",0.45,"[0.2;1]",161.79,0
"27","all","focus_Simon","Complex Needs","Fixed","0.54","[0.48; 0.61]",-10.006,0,11,3.37,"[2.7;4.21]",0.91,"[0.86;0.94]",0.57,"[0.33;1.09]",0.32,"[0.11;1.19]",113.85,0
"28","all","focus_Simon","Complex Needs","Random","0.60","[0.38; 0.94]",-3,0,11,3.37,"[2.7;4.21]",0.91,"[0.86;0.94]",0.57,"[0.33;1.09]",0.32,"[0.11;1.19]",113.85,0
"29","all","focus_Simon","Cognitive Skills","Fixed","1.00","[0.86; 1.16]",-0.013,0.99,8,2.86,"[2.14;3.82]",0.88,"[0.78;0.93]",0.85,"[0.39;2.06]",0.73,"[0.15;4.23]",57.26,0
"30","all","focus_Simon","Cognitive Skills","Random","0.78","[0.37; 1.64]",-1,0,8,2.86,"[2.14;3.82]",0.88,"[0.78;0.93]",0.85,"[0.39;2.06]",0.73,"[0.15;4.23]",57.26,0
"31","all","focus_Simon","Parenting","Fixed","0.74","[0.53;     1.04]",-1.756,0.079,3,2.26,"[1.28;4.01]",0.8,"[0.39;0.94]",0.69,"[0.21;4.97]",0.47,"[0.04;24.66]",10.24,0.006
"32","all","focus_Simon","Parenting","Random","0.52","[0.07;     3.73]",-1,0,3,2.26,"[1.28;4.01]",0.8,"[0.39;0.94]",0.69,"[0.21;4.97]",0.47,"[0.04;24.66]",10.24,0.006
"33","all","focus_Simon","Employment","Fixed","0.91","[0.71; 1.16]",-0.756,0.45,1,NA,"[NA;NA]",NA,"[NA;NA]",NA,"[NA;NA]",NA,"[NA;NA]",0,NA
"34","all","focus_Simon","Employment","Random","","",-1,0,1,NA,"[NA;NA]",NA,"[NA;NA]",NA,"[NA;NA]",NA,"[NA;NA]",0,NA
"35","all","focus_Simon","prostitution","Fixed","0.20","[0.08; 0.51]",-3.397,0.001,1,NA,"[NA;NA]",NA,"[NA;NA]",NA,"[NA;NA]",NA,"[NA;NA]",0,NA
"36","all","focus_Simon","prostitution","Random","","",-3,0,1,NA,"[NA;NA]",NA,"[NA;NA]",NA,"[NA;NA]",NA,"[NA;NA]",0,NA
"37","all","focus_Simon","Mental Health","Fixed","0.68","[0.37; 1.27]",-1.198,0.231,1,NA,"[NA;NA]",NA,"[NA;NA]",NA,"[NA;NA]",NA,"[NA;NA]",0,NA
"38","all","focus_Simon","Mental Health","Random","","",-1,0,1,NA,"[NA;NA]",NA,"[NA;NA]",NA,"[NA;NA]",NA,"[NA;NA]",0,NA
"39","all","focus_Simon","Education","Fixed","0.21","[0.14;  0.32]",-7.484,0,2,1.24,"[NA;NA]",0.35,"[NA;NA]",0.29,"[NA;NA]",0.09,"[NA;NA]",1.53,0.216
"40","all","focus_Simon","Education","Random","0.24","[0.01; 10.24]",-5,0,2,1.24,"[NA;NA]",0.35,"[NA;NA]",0.29,"[NA;NA]",0.09,"[NA;NA]",1.53,0.216
"41","all","approach","Group","Fixed","0.75","[0.69; 0.81]",-7.052,0,33,2.48,"[2.14;2.88]",0.84,"[0.78;0.88]",0.65,"[0.44;0.88]",0.42,"[0.19;0.77]",197.41,0
"42","all","approach","Group","Random","0.61","[0.47; 0.79]",-4,0,33,2.48,"[2.14;2.88]",0.84,"[0.78;0.88]",0.65,"[0.44;0.88]",0.42,"[0.19;0.77]",197.41,0
"43","all","approach","Individual","Fixed","0.87","[0.73; 1.03]",-1.604,0.109,8,2.33,"[1.68;3.22]",0.82,"[0.65;0.9]",0.54,"[0.27;1.23]",0.3,"[0.07;1.52]",37.87,0
"44","all","approach","Individual","Random","0.63","[0.37; 1.07]",-2,0,8,2.33,"[1.68;3.22]",0.82,"[0.65;0.9]",0.54,"[0.27;1.23]",0.3,"[0.07;1.52]",37.87,0
"45","all","approach","unknown","Fixed","0.55","[0.48; 0.63]",-8.857,0,9,4.68,"[3.81;5.73]",0.95,"[0.93;0.97]",0.89,"[0.55;1.8]",0.79,"[0.3;3.24]",174.98,0
"46","all","approach","unknown","Random","0.54","[0.26; 1.14]",-2,0,9,4.68,"[3.81;5.73]",0.95,"[0.93;0.97]",0.89,"[0.55;1.8]",0.79,"[0.3;3.24]",174.98,0
"47","all","Therapeutic","Not Therapeutic","Fixed","0.91","[0.84; 0.98]",-2.452,0.014,32,2.78,"[2.41;3.2]",0.87,"[0.83;0.9]",0.76,"[0.54;1.04]",0.58,"[0.29;1.09]",238.72,0
"48","all","Therapeutic","Not Therapeutic","Random","0.67","[0.50; 0.90]",-3,0,32,2.78,"[2.41;3.2]",0.87,"[0.83;0.9]",0.76,"[0.54;1.04]",0.58,"[0.29;1.09]",238.72,0
"49","all","Therapeutic","unknown","Fixed","0.27","[0.23; 0.32]",-14.424,0,3,1,"[1;3.1]",0,"[0;0.9]",0.08,"[0;1.18]",0.01,"[0;1.39]",0.62,0.733
"50","all","Therapeutic","unknown","Random","0.27","[0.20; 0.35]",-21,0,3,1,"[1;3.1]",0,"[0;0.9]",0.08,"[0;1.18]",0.01,"[0;1.39]",0.62,0.733
"51","all","Therapeutic","Therapeutic","Fixed","0.55","[0.48; 0.64]",-7.771,0,15,1.36,"[1.01;1.84]",0.46,"[0.01;0.7]",0.33,"[0;0.58]",0.11,"[0;0.34]",25.84,0.027
"52","all","Therapeutic","Therapeutic","Random","0.55","[0.44; 0.70]",-5,0,15,1.36,"[1.01;1.84]",0.46,"[0.01;0.7]",0.33,"[0;0.58]",0.11,"[0;0.34]",25.84,0.027
"53","all","age_cat","34 and Older","Fixed","0.86","[0.78; 0.95]",-3.045,0.002,24,2.53,"[2.12;3.01]",0.84,"[0.78;0.89]",0.55,"[0.37;0.81]",0.31,"[0.14;0.66]",146.79,0
"54","all","age_cat","34 and Older","Random","0.69","[0.52; 0.90]",-3,0,24,2.53,"[2.12;3.01]",0.84,"[0.78;0.89]",0.55,"[0.37;0.81]",0.31,"[0.14;0.66]",146.79,0
"55","all","age_cat","Less Than 34","Fixed","0.67","[0.61; 0.73]",-8.7,0,19,3.55,"[3.02;4.17]",0.92,"[0.89;0.94]",0.77,"[0.49;1.2]",0.59,"[0.24;1.44]",226.68,0
"56","all","age_cat","Less Than 34","Random","0.56","[0.38; 0.84]",-3,0,19,3.55,"[3.02;4.17]",0.92,"[0.89;0.94]",0.77,"[0.49;1.2]",0.59,"[0.24;1.44]",226.68,0
"57","all","studylength_cat","Less than 6 Months","Fixed","0.98","[0.88; 1.09]",-0.44,0.66,22,2.35,"[1.94;2.84]",0.82,"[0.74;0.88]",0.63,"[0.38;0.94]",0.4,"[0.14;0.88]",115.92,0
"58","all","studylength_cat","Less than 6 Months","Random","0.71","[0.52; 0.98]",-2,0,22,2.35,"[1.94;2.84]",0.82,"[0.74;0.88]",0.63,"[0.38;0.94]",0.4,"[0.14;0.88]",115.92,0
"59","all","studylength_cat","More than 6 Months","Fixed","0.76","[0.65; 0.89]",-3.313,0.001,9,1.93,"[1.38;2.7]",0.73,"[0.47;0.86]",0.59,"[0.26;1.27]",0.34,"[0.07;1.61]",29.77,0
"60","all","studylength_cat","More than 6 Months","Random","0.61","[0.37; 1.02]",-2,0,9,1.93,"[1.38;2.7]",0.73,"[0.47;0.86]",0.59,"[0.26;1.27]",0.34,"[0.07;1.61]",29.77,0
"61","all","studylength_cat2","Less than 12 Months","Fixed","0.93","[0.84; 1.03]",-1.319,0.187,24,2.32,"[1.94;2.79]",0.81,"[0.73;0.87]",0.6,"[0.36;0.87]",0.36,"[0.13;0.76]",124.15,0
"62","all","studylength_cat2","Less than 12 Months","Random","0.70","[0.53; 0.94]",-3,0,24,2.32,"[1.94;2.79]",0.81,"[0.73;0.87]",0.6,"[0.36;0.87]",0.36,"[0.13;0.76]",124.15,0
"63","all","studylength_cat2","More than 12 Months","Fixed","0.82","[0.68; 0.98]",-2.15,0.032,7,2.11,"[1.46;3.04]",0.77,"[0.53;0.89]",0.69,"[0.31;1.73]",0.48,"[0.1;2.98]",26.64,0
"64","all","studylength_cat2","More than 12 Months","Random","0.60","[0.29; 1.26]",-2,0,7,2.11,"[1.46;3.04]",0.77,"[0.53;0.89]",0.69,"[0.31;1.73]",0.48,"[0.1;2.98]",26.64,0
"65","all","Diversion","diversion","Fixed","0.51","[0.41; 0.63]",-6.133,0,6,1.37,"[1;2.18]",0.47,"[0;0.79]",0.4,"[0;1.21]",0.16,"[0;1.46]",9.4,0.094
"66","all","Diversion","diversion","Random","0.43","[0.25; 0.72]",-4,0,6,1.37,"[1;2.18]",0.47,"[0;0.79]",0.4,"[0;1.21]",0.16,"[0;1.46]",9.4,0.094
"67","all","Diversion","prison","Fixed","0.68","[0.63; 0.72]",-11.371,0,44,2.84,"[2.52;3.2]",0.88,"[0.84;0.9]",0.64,"[0.45;0.82]",0.4,"[0.2;0.67]",345.72,0
"68","all","Diversion","prison","Random","0.61","[0.49; 0.76]",-5,0,44,2.84,"[2.52;3.2]",0.88,"[0.84;0.9]",0.64,"[0.45;0.82]",0.4,"[0.2;0.67]",345.72,0
"69","arrest","location_Simon","community","Fixed","0.38","[0.32; 0.44]",-12.968,0,9,2.48,"[1.85;3.33]",0.84,"[0.71;0.91]",0.74,"[0.32;1.63]",0.55,"[0.11;2.67]",49.29,0
"70","arrest","location_Simon","community","Random","0.51","[0.27; 0.94]",-3,0,9,2.48,"[1.85;3.33]",0.84,"[0.71;0.91]",0.74,"[0.32;1.63]",0.55,"[0.11;2.67]",49.29,0
"71","arrest","location_Simon","institution","Fixed","0.74","[0.64; 0.85]",-4.326,0,8,1.52,"[1.03;2.26]",0.57,"[0.05;0.8]",0.35,"[0.02;0.85]",0.12,"[0;0.73]",16.22,0.023
"72","arrest","location_Simon","institution","Random","0.60","[0.43; 0.84]",-4,0,8,1.52,"[1.03;2.26]",0.57,"[0.05;0.8]",0.35,"[0.02;0.85]",0.12,"[0;0.73]",16.22,0.023
"73","arrest","location_Simon","both","Fixed","0.76","[0.59; 0.97]",-2.22,0.026,5,1.24,"[1;2.02]",0.35,"[0;0.75]",0.25,"[0;0.94]",0.06,"[0;0.88]",6.13,0.19
"74","arrest","location_Simon","both","Random","0.75","[0.49; 1.15]",-2,0,5,1.24,"[1;2.02]",0.35,"[0;0.75]",0.25,"[0;0.94]",0.06,"[0;0.88]",6.13,0.19
"75","arrest","location_Simon","not mentioned","Fixed","0.37","[0.15; 0.89]",-2.21,0.027,1,NA,"[NA;NA]",NA,"[NA;NA]",NA,"[NA;NA]",NA,"[NA;NA]",0,NA
"76","arrest","location_Simon","not mentioned","Random","","",-2,0,1,NA,"[NA;NA]",NA,"[NA;NA]",NA,"[NA;NA]",NA,"[NA;NA]",0,NA
"77","arrest","Pathway1","diversion","Fixed","0.30","[0.15;  0.57]",-3.629,0,2,1.22,"[NA;NA]",0.33,"[NA;NA]",0.38,"[NA;NA]",0.15,"[NA;NA]",1.48,0.223
"78","arrest","Pathway1","diversion","Random","0.30","[0.00; 57.68]",-3,0,2,1.22,"[NA;NA]",0.33,"[NA;NA]",0.38,"[NA;NA]",0.15,"[NA;NA]",1.48,0.223
"79","arrest","Pathway1","community","Fixed","0.41","[0.35; 0.47]",-12.627,0,10,2.45,"[1.85;3.24]",0.83,"[0.71;0.9]",0.63,"[0.26;1.32]",0.4,"[0.07;1.75]",54.02,0
"80","arrest","Pathway1","community","Random","0.56","[0.35; 0.91]",-3,0,10,2.45,"[1.85;3.24]",0.83,"[0.71;0.9]",0.63,"[0.26;1.32]",0.4,"[0.07;1.75]",54.02,0
"81","arrest","Pathway1","institution","Fixed","0.76","[0.66; 0.87]",-3.97,0,8,1.42,"[1;2.12]",0.5,"[0;0.78]",0.36,"[0;0.89]",0.13,"[0;0.8]",14.1,0.049
"82","arrest","Pathway1","institution","Random","0.65","[0.46; 0.90]",-3,0,8,1.42,"[1;2.12]",0.5,"[0;0.78]",0.36,"[0;0.89]",0.13,"[0;0.8]",14.1,0.049
"83","arrest","Pathway1","both","Fixed","0.88","[0.63;  1.24]",-0.717,0.473,2,1.68,"[1;3.51]",0.64,"[0;0.92]",0.32,"[NA;NA]",0.1,"[NA;NA]",2.82,0.093
"84","arrest","Pathway1","both","Random","0.87","[0.02; 36.73]",0,1,2,1.68,"[1;3.51]",0.64,"[0;0.92]",0.32,"[NA;NA]",0.1,"[NA;NA]",2.82,0.093
"85","arrest","Pathway1","not mentioned","Fixed","0.37","[0.15; 0.89]",-2.21,0.027,1,NA,"[NA;NA]",NA,"[NA;NA]",NA,"[NA;NA]",NA,"[NA;NA]",0,NA
"86","arrest","Pathway1","not mentioned","Random","","",-2,0,1,NA,"[NA;NA]",NA,"[NA;NA]",NA,"[NA;NA]",NA,"[NA;NA]",0,NA
"87","arrest","Gendered","Yes","Fixed","0.57","[0.45; 0.73]",-4.648,0,8,1,"[1;1.76]",0,"[0;0.68]",0.26,"[0;0.66]",0.07,"[0;0.44]",5.28,0.626
"88","arrest","Gendered","Yes","Random","0.54","[0.41; 0.72]",-5,0,8,1,"[1;1.76]",0,"[0;0.68]",0.26,"[0;0.66]",0.07,"[0;0.44]",5.28,0.626
"89","arrest","Gendered","No","Fixed","0.57","[0.51; 0.63]",-10.421,0,12,3.23,"[2.6;4.02]",0.9,"[0.85;0.94]",0.67,"[0.33;1.26]",0.45,"[0.11;1.59]",115.08,0
"90","arrest","Gendered","No","Random","0.64","[0.41; 1.00]",-2,0,12,3.23,"[2.6;4.02]",0.9,"[0.85;0.94]",0.67,"[0.33;1.26]",0.45,"[0.11;1.59]",115.08,0
"91","arrest","Gendered","Partially","Fixed","0.55","[0.41;   0.75]",-3.788,0,3,1.56,"[1;2.92]",0.59,"[0;0.88]",0.33,"[0;2.64]",0.11,"[0;6.97]",4.87,0.088
"92","arrest","Gendered","Partially","Random","0.52","[0.18;   1.51]",-3,0,3,1.56,"[1;2.92]",0.59,"[0;0.88]",0.33,"[0;2.64]",0.11,"[0;6.97]",4.87,0.088
"93","arrest","focus_Simon","Complex Needs","Fixed","0.39","[0.34; 0.46]",-12.256,0,6,2.97,"[2.13;4.15]",0.89,"[0.78;0.94]",0.51,"[0.25;1.46]",0.26,"[0.06;2.14]",44.22,0
"94","arrest","focus_Simon","Complex Needs","Random","0.53","[0.28; 0.98]",-3,0,6,2.97,"[2.13;4.15]",0.89,"[0.78;0.94]",0.51,"[0.25;1.46]",0.26,"[0.06;2.14]",44.22,0
"95","arrest","focus_Simon","Cognitive Skills","Fixed","0.57","[0.39;      0.84]",-2.833,0.005,3,1.49,"[1;2.79]",0.55,"[0;0.87]",0.82,"[0;7.54]",0.68,"[0;56.82]",4.45,0.108
"96","arrest","focus_Simon","Cognitive Skills","Random","0.38","[0.04;      4.08]",-2,0,3,1.49,"[1;2.79]",0.55,"[0;0.87]",0.82,"[0;7.54]",0.68,"[0;56.82]",4.45,0.108
"97","arrest","focus_Simon","Substance Use","Fixed","0.67","[0.56; 0.80]",-4.321,0,9,1.45,"[1;2.11]",0.52,"[0;0.78]",0.41,"[0;0.92]",0.17,"[0;0.86]",16.76,0.033
"98","arrest","focus_Simon","Substance Use","Random","0.68","[0.47; 1.00]",-2,0,9,1.45,"[1;2.11]",0.52,"[0;0.78]",0.41,"[0;0.92]",0.17,"[0;0.86]",16.76,0.033
"99","arrest","focus_Simon","Parenting","Fixed","0.51","[0.20; 1.32]",-1.393,0.164,1,NA,"[NA;NA]",NA,"[NA;NA]",NA,"[NA;NA]",NA,"[NA;NA]",0,NA
"100","arrest","focus_Simon","Parenting","Random","","",-1,0,1,NA,"[NA;NA]",NA,"[NA;NA]",NA,"[NA;NA]",NA,"[NA;NA]",0,NA
"101","arrest","focus_Simon","Employment","Fixed","0.90","[0.74; 1.09]",-1.106,0.269,1,NA,"[NA;NA]",NA,"[NA;NA]",NA,"[NA;NA]",NA,"[NA;NA]",0,NA
"102","arrest","focus_Simon","Employment","Random","","",-1,0,1,NA,"[NA;NA]",NA,"[NA;NA]",NA,"[NA;NA]",NA,"[NA;NA]",0,NA
"103","arrest","focus_Simon","prostitution","Fixed","0.20","[0.08; 0.51]",-3.397,0.001,1,NA,"[NA;NA]",NA,"[NA;NA]",NA,"[NA;NA]",NA,"[NA;NA]",0,NA
"104","arrest","focus_Simon","prostitution","Random","","",-3,0,1,NA,"[NA;NA]",NA,"[NA;NA]",NA,"[NA;NA]",NA,"[NA;NA]",0,NA
"105","arrest","focus_Simon","Mental Health","Fixed","0.68","[0.37; 1.27]",-1.198,0.231,1,NA,"[NA;NA]",NA,"[NA;NA]",NA,"[NA;NA]",NA,"[NA;NA]",0,NA
"106","arrest","focus_Simon","Mental Health","Random","","",-1,0,1,NA,"[NA;NA]",NA,"[NA;NA]",NA,"[NA;NA]",NA,"[NA;NA]",0,NA
"107","arrest","focus_Simon","Education","Fixed","0.37","[0.15; 0.89]",-2.21,0.027,1,NA,"[NA;NA]",NA,"[NA;NA]",NA,"[NA;NA]",NA,"[NA;NA]",0,NA
"108","arrest","focus_Simon","Education","Random","","",-2,0,1,NA,"[NA;NA]",NA,"[NA;NA]",NA,"[NA;NA]",NA,"[NA;NA]",0,NA
"109","arrest","approach","Individual","Fixed","0.81","[0.59;   1.13]",-1.243,0.214,3,1.48,"[1;2.77]",0.55,"[0;0.87]",0.4,"[0;3.35]",0.16,"[0;11.21]",4.4,0.111
"110","arrest","approach","Individual","Random","0.81","[0.23;   2.81]",-1,1,3,1.48,"[1;2.77]",0.55,"[0;0.87]",0.4,"[0;3.35]",0.16,"[0;11.21]",4.4,0.111
"111","arrest","approach","unknown","Fixed","0.32","[0.27; 0.38]",-13.852,0,6,1.9,"[1.25;2.88]",0.72,"[0.36;0.88]",0.5,"[0.14;1.48]",0.25,"[0.02;2.2]",17.99,0.003
"112","arrest","approach","unknown","Random","0.41","[0.22; 0.75]",-4,0,6,1.9,"[1.25;2.88]",0.72,"[0.36;0.88]",0.5,"[0.14;1.48]",0.25,"[0.02;2.2]",17.99,0.003
"113","arrest","approach","Group","Fixed","0.74","[0.65; 0.83]",-4.923,0,14,1.48,"[1.09;2]",0.54,"[0.16;0.75]",0.49,"[0.09;0.83]",0.24,"[0.01;0.69]",28.43,0.008
"114","arrest","approach","Group","Random","0.62","[0.46; 0.84]",-3,0,14,1.48,"[1.09;2]",0.54,"[0.16;0.75]",0.49,"[0.09;0.83]",0.24,"[0.01;0.69]",28.43,0.008
"115","arrest","Therapeutic","Not Therapeutic","Fixed","0.75","[0.66; 0.85]",-4.373,0,14,1.47,"[1.08;1.98]",0.53,"[0.15;0.75]",0.55,"[0.1;0.96]",0.3,"[0.01;0.91]",27.94,0.009
"116","arrest","Therapeutic","Not Therapeutic","Random","0.62","[0.44; 0.87]",-3,0,14,1.47,"[1.08;1.98]",0.53,"[0.15;0.75]",0.55,"[0.1;0.96]",0.3,"[0.01;0.91]",27.94,0.009
"117","arrest","Therapeutic","unknown","Fixed","0.27","[0.23; 0.33]",-13.984,0,2,1,"[NA;NA]",0,"[NA;NA]",0.06,"[NA;NA]",0,"[NA;NA]",0.14,0.712
"118","arrest","Therapeutic","unknown","Random","0.27","[0.16; 0.46]",-32,0,2,1,"[NA;NA]",0,"[NA;NA]",0.06,"[NA;NA]",0,"[NA;NA]",0.14,0.712
"119","arrest","Therapeutic","Therapeutic","Fixed","0.65","[0.53; 0.79]",-4.413,0,7,1.5,"[1;2.29]",0.56,"[0;0.81]",0.36,"[0;0.94]",0.13,"[0;0.88]",13.53,0.035
"120","arrest","Therapeutic","Therapeutic","Random","0.62","[0.41; 0.93]",-3,0,7,1.5,"[1;2.29]",0.56,"[0;0.81]",0.36,"[0;0.94]",0.13,"[0;0.88]",13.53,0.035
"121","arrest","age_cat","Less Than 34","Fixed","0.39","[0.34; 0.45]",-12.933,0,10,2.39,"[1.8;3.17]",0.82,"[0.69;0.9]",0.57,"[0.24;1.19]",0.33,"[0.06;1.42]",51.37,0
"122","arrest","age_cat","Less Than 34","Random","0.46","[0.29; 0.73]",-4,0,10,2.39,"[1.8;3.17]",0.82,"[0.69;0.9]",0.57,"[0.24;1.19]",0.33,"[0.06;1.42]",51.37,0
"123","arrest","age_cat","34 and Older","Fixed","0.77","[0.68; 0.88]",-3.921,0,10,1.49,"[1.04;2.12]",0.55,"[0.08;0.78]",0.37,"[0.05;0.79]",0.14,"[0;0.63]",19.89,0.019
"124","arrest","age_cat","34 and Older","Random","0.73","[0.53; 0.99]",-2,0,10,1.49,"[1.04;2.12]",0.55,"[0.08;0.78]",0.37,"[0.05;0.79]",0.14,"[0;0.63]",19.89,0.019
"125","arrest","studylength_cat","More than 6 Months","Fixed","0.80","[0.69; 0.93]",-2.872,0.004,5,1.23,"[1;2.01]",0.34,"[0;0.75]",0.34,"[0;1.51]",0.12,"[0;2.3]",6.1,0.192
"126","arrest","studylength_cat","More than 6 Months","Random","0.69","[0.45; 1.04]",-3,0,5,1.23,"[1;2.01]",0.34,"[0;0.75]",0.34,"[0;1.51]",0.12,"[0;2.3]",6.1,0.192
"127","arrest","studylength_cat","Less than 6 Months","Fixed","0.61","[0.49; 0.77]",-4.167,0,10,1.52,"[1.07;2.16]",0.57,"[0.12;0.79]",0.62,"[0.12;1.31]",0.39,"[0.01;1.73]",20.82,0.013
"128","arrest","studylength_cat","Less than 6 Months","Random","0.59","[0.37; 0.96]",-2,0,10,1.52,"[1.07;2.16]",0.57,"[0.12;0.79]",0.62,"[0.12;1.31]",0.39,"[0.01;1.73]",20.82,0.013
"129","arrest","studylength_cat2","Less than 12 Months","Fixed","0.63","[0.52; 0.78]",-4.406,0,11,1.45,"[1.03;2.04]",0.53,"[0.06;0.76]",0.59,"[0.06;1.16]",0.34,"[0;1.35]",21.07,0.021
"130","arrest","studylength_cat2","Less than 12 Months","Random","0.61","[0.40; 0.92]",-3,0,11,1.45,"[1.03;2.04]",0.53,"[0.06;0.76]",0.59,"[0.06;1.16]",0.34,"[0;1.35]",21.07,0.021
"131","arrest","studylength_cat2","More than 12 Months","Fixed","0.81","[0.69; 0.96]",-2.49,0.013,4,1.39,"[1;2.41]",0.48,"[0;0.83]",0.41,"[0;2.36]",0.17,"[0;5.56]",5.77,0.123
"132","arrest","studylength_cat2","More than 12 Months","Random","0.66","[0.34; 1.30]",-2,0,4,1.39,"[1;2.41]",0.48,"[0;0.83]",0.41,"[0;2.36]",0.17,"[0;5.56]",5.77,0.123
"133","arrest","Diversion","diversion","Fixed","0.30","[0.15;  0.57]",-3.629,0,2,1.22,"[NA;NA]",0.33,"[NA;NA]",0.38,"[NA;NA]",0.15,"[NA;NA]",1.48,0.223
"134","arrest","Diversion","diversion","Random","0.30","[0.00; 57.68]",-3,0,2,1.22,"[NA;NA]",0.33,"[NA;NA]",0.38,"[NA;NA]",0.15,"[NA;NA]",1.48,0.223
"135","arrest","Diversion","prison","Fixed","0.58","[0.53; 0.63]",-11.543,0,21,2.45,"[2.03;2.97]",0.83,"[0.76;0.89]",0.49,"[0.24;0.72]",0.24,"[0.06;0.52]",120.35,0
"136","arrest","Diversion","prison","Random","0.61","[0.48; 0.77]",-4,0,21,2.45,"[2.03;2.97]",0.83,"[0.76;0.89]",0.49,"[0.24;0.72]",0.24,"[0.06;0.52]",120.35,0
"137","new_conv","location_Simon","institution","Fixed","0.84","[0.67; 1.04]",-1.615,0.106,7,2.03,"[1.4;2.95]",0.76,"[0.49;0.89]",0.58,"[0.26;1.41]",0.33,"[0.07;2]",24.72,0
"138","new_conv","location_Simon","institution","Random","0.88","[0.48; 1.60]",-1,1,7,2.03,"[1.4;2.95]",0.76,"[0.49;0.89]",0.58,"[0.26;1.41]",0.33,"[0.07;2]",24.72,0
"139","new_conv","location_Simon","community","Fixed","1.28","[1.08;     1.53]",2.792,0.005,3,3.43,"[2.14;5.49]",0.91,"[0.78;0.97]",0.72,"[0.27;5.25]",0.52,"[0.07;27.55]",23.51,0
"140","new_conv","location_Simon","community","Random","1.09","[0.15;     7.81]",0,1,3,3.43,"[2.14;5.49]",0.91,"[0.78;0.97]",0.72,"[0.27;5.25]",0.52,"[0.07;27.55]",23.51,0
"141","new_conv","location_Simon","both","Fixed","0.48","[0.20; 1.15]",-1.646,0.1,1,NA,"[NA;NA]",NA,"[NA;NA]",NA,"[NA;NA]",NA,"[NA;NA]",0,NA
"142","new_conv","location_Simon","both","Random","","",-2,0,1,NA,"[NA;NA]",NA,"[NA;NA]",NA,"[NA;NA]",NA,"[NA;NA]",0,NA
"143","new_conv","Pathway1","institution","Fixed","0.84","[0.67; 1.04]",-1.615,0.106,7,2.03,"[1.4;2.95]",0.76,"[0.49;0.89]",0.58,"[0.26;1.41]",0.33,"[0.07;2]",24.72,0
"144","new_conv","Pathway1","institution","Random","0.88","[0.48; 1.60]",-1,1,7,2.03,"[1.4;2.95]",0.76,"[0.49;0.89]",0.58,"[0.26;1.41]",0.33,"[0.07;2]",24.72,0
"145","new_conv","Pathway1","community","Fixed","1.28","[1.08;     1.53]",2.792,0.005,3,3.43,"[2.14;5.49]",0.91,"[0.78;0.97]",0.72,"[0.27;5.25]",0.52,"[0.07;27.55]",23.51,0
"146","new_conv","Pathway1","community","Random","1.09","[0.15;     7.81]",0,1,3,3.43,"[2.14;5.49]",0.91,"[0.78;0.97]",0.72,"[0.27;5.25]",0.52,"[0.07;27.55]",23.51,0
"147","new_conv","Pathway1","both","Fixed","0.48","[0.20; 1.15]",-1.646,0.1,1,NA,"[NA;NA]",NA,"[NA;NA]",NA,"[NA;NA]",NA,"[NA;NA]",0,NA
"148","new_conv","Pathway1","both","Random","","",-2,0,1,NA,"[NA;NA]",NA,"[NA;NA]",NA,"[NA;NA]",NA,"[NA;NA]",0,NA
"149","new_conv","Gendered","No","Fixed","1.91","[1.53; 2.38]",5.781,0,4,1.22,"[1;2.05]",0.33,"[0;0.76]",0.18,"[0;0.94]",0.03,"[0;0.89]",4.46,0.216
"150","new_conv","Gendered","No","Random","1.85","[1.18; 2.89]",4,0,4,1.22,"[1;2.05]",0.33,"[0;0.76]",0.18,"[0;0.94]",0.03,"[0;0.89]",4.46,0.216
"151","new_conv","Gendered","Yes","Fixed","0.56","[0.42; 0.75]",-3.848,0,5,1,"[1;2.19]",0,"[0;0.79]",0.07,"[0;0.35]",0.01,"[0;0.12]",1.08,0.897
"152","new_conv","Gendered","Yes","Random","0.56","[0.45; 0.70]",-7,0,5,1,"[1;2.19]",0,"[0;0.79]",0.07,"[0;0.35]",0.01,"[0;0.12]",1.08,0.897
"153","new_conv","Gendered","Partially","Fixed","0.88","[0.71;   1.08]",-1.239,0.215,2,2.48,"[1.22;5.04]",0.84,"[0.33;0.96]",0.51,"[NA;NA]",0.26,"[NA;NA]",6.14,0.013
"154","new_conv","Gendered","Partially","Random","0.67","[0.00; 130.80]",-1,1,2,2.48,"[1.22;5.04]",0.84,"[0.33;0.96]",0.51,"[NA;NA]",0.26,"[NA;NA]",6.14,0.013
"155","new_conv","focus_Simon","Cognitive Skills","Fixed","1.58","[1.30; 1.93]",4.527,0,5,2.18,"[1.41;3.36]",0.79,"[0.5;0.91]",0.44,"[0.18;1.42]",0.19,"[0.03;2.01]",19,0.001
"156","new_conv","focus_Simon","Cognitive Skills","Random","1.49","[0.79; 2.80]",2,0,5,2.18,"[1.41;3.36]",0.79,"[0.5;0.91]",0.44,"[0.18;1.42]",0.19,"[0.03;2.01]",19,0.001
"157","new_conv","focus_Simon","Complex Needs","Fixed","0.90","[0.73;   1.12]",-0.956,0.339,3,1.44,"[1;2.68]",0.52,"[0;0.86]",0.34,"[0;2.8]",0.11,"[0;7.86]",4.15,0.126
"158","new_conv","focus_Simon","Complex Needs","Random","0.71","[0.23;   2.22]",-1,0,3,1.44,"[1;2.68]",0.52,"[0;0.86]",0.34,"[0;2.8]",0.11,"[0;7.86]",4.15,0.126
"159","new_conv","focus_Simon","Substance Use","Fixed","0.47","[0.32; 0.70]",-3.772,0,2,1,"[NA;NA]",0,"[NA;NA]",0.05,"[NA;NA]",0,"[NA;NA]",0.25,0.619
"160","new_conv","focus_Simon","Substance Use","Random","0.47","[0.14; 1.66]",-8,0,2,1,"[NA;NA]",0,"[NA;NA]",0.05,"[NA;NA]",0,"[NA;NA]",0.25,0.619
"161","new_conv","focus_Simon","Parenting","Fixed","0.57","[0.23; 1.41]",-1.227,0.22,1,NA,"[NA;NA]",NA,"[NA;NA]",NA,"[NA;NA]",NA,"[NA;NA]",0,NA
"162","new_conv","focus_Simon","Parenting","Random","","",-1,0,1,NA,"[NA;NA]",NA,"[NA;NA]",NA,"[NA;NA]",NA,"[NA;NA]",0,NA
"163","new_conv","approach","Group","Fixed","0.91","[0.78; 1.07]",-1.102,0.27,8,1.92,"[1.34;2.74]",0.73,"[0.44;0.87]",0.57,"[0.25;1.3]",0.32,"[0.06;1.68]",25.72,0.001
"164","new_conv","approach","Group","Random","0.87","[0.51; 1.49]",-1,1,8,1.92,"[1.34;2.74]",0.73,"[0.44;0.87]",0.57,"[0.25;1.3]",0.32,"[0.06;1.68]",25.72,0.001
"165","new_conv","approach","Individual","Fixed","0.68","[0.42; 1.10]",-1.583,0.113,1,NA,"[NA;NA]",NA,"[NA;NA]",NA,"[NA;NA]",NA,"[NA;NA]",0,NA
"166","new_conv","approach","Individual","Random","","",-2,0,1,NA,"[NA;NA]",NA,"[NA;NA]",NA,"[NA;NA]",NA,"[NA;NA]",0,NA
"167","new_conv","approach","unknown","Fixed","1.89","[1.44;     2.50]",4.519,0,2,3.27,"[1.72;6.2]",0.91,"[0.66;0.97]",1,"[NA;NA]",1.01,"[NA;NA]",10.68,0.001
"168","new_conv","approach","unknown","Random","1.10","[0.00; 19590.82]",0,1,2,3.27,"[1.72;6.2]",0.91,"[0.66;0.97]",1,"[NA;NA]",1.01,"[NA;NA]",10.68,0.001
"169","new_conv","Therapeutic","Not Therapeutic","Fixed","1.30","[1.12; 1.51]",3.357,0.001,7,2.22,"[1.55;3.17]",0.8,"[0.59;0.9]",0.54,"[0.2;1.39]",0.29,"[0.04;1.93]",29.59,0
"170","new_conv","Therapeutic","Not Therapeutic","Random","1.25","[0.71; 2.18]",1,0,7,2.22,"[1.55;3.17]",0.8,"[0.59;0.9]",0.54,"[0.2;1.39]",0.29,"[0.04;1.93]",29.59,0
"171","new_conv","Therapeutic","Therapeutic","Fixed","0.54","[0.40; 0.71]",-4.266,0,4,1,"[1;2.56]",0,"[0;0.85]",0.11,"[0;0.7]",0.01,"[0;0.49]",1.59,0.663
"172","new_conv","Therapeutic","Therapeutic","Random","0.53","[0.38; 0.75]",-6,0,4,1,"[1;2.56]",0,"[0;0.85]",0.11,"[0;0.7]",0.01,"[0;0.49]",1.59,0.663
"173","new_conv","age_cat","Less Than 34","Fixed","1.19","[1.01;  1.40]",2.045,0.041,4,3.09,"[2.04;4.68]",0.9,"[0.76;0.95]",0.55,"[0.26;2.26]",0.3,"[0.07;5.13]",28.68,0
"174","new_conv","age_cat","Less Than 34","Random","1.02","[0.39;  2.69]",0,1,4,3.09,"[2.04;4.68]",0.9,"[0.76;0.95]",0.55,"[0.26;2.26]",0.3,"[0.07;5.13]",28.68,0
"175","new_conv","age_cat","34 and Older","Fixed","0.47","[0.33; 0.68]",-4.115,0,3,1,"[1;3.1]",0,"[0;0.9]",0.03,"[0;0.57]",0,"[0;0.33]",0.25,0.884
"176","new_conv","age_cat","34 and Older","Random","0.47","[0.36; 0.62]",-12,0,3,1,"[1;3.1]",0,"[0;0.9]",0.03,"[0;0.57]",0,"[0;0.33]",0.25,0.884
"177","new_conv","studylength_cat","Less than 6 Months","Fixed","0.45","[0.28;  0.73]",-3.307,0.001,3,1,"[1;3.1]",0,"[0;0.9]",0.05,"[0;0.98]",0,"[0;0.97]",0.31,0.858
"178","new_conv","studylength_cat","Less than 6 Months","Random","0.45","[0.30;  0.68]",-8,0,3,1,"[1;3.1]",0,"[0;0.9]",0.05,"[0;0.98]",0,"[0;0.97]",0.31,0.858
"179","new_conv","studylength_cat","More than 6 Months","Fixed","0.59","[0.42; 0.83]",-2.984,0.003,2,1,"[NA;NA]",0,"[NA;NA]",0.1,"[NA;NA]",0.01,"[NA;NA]",0.62,0.433
"180","new_conv","studylength_cat","More than 6 Months","Random","0.59","[0.10; 3.44]",-4,0,2,1,"[NA;NA]",0,"[NA;NA]",0.1,"[NA;NA]",0.01,"[NA;NA]",0.62,0.433
"181","new_conv","studylength_cat2","Less than 12 Months","Fixed","0.54","[0.41; 0.71]",-4.363,0,5,1,"[1;2.19]",0,"[0;0.79]",0.1,"[0;0.47]",0.01,"[0;0.23]",1.72,0.788
"182","new_conv","studylength_cat2","Less than 12 Months","Random","0.54","[0.41; 0.69]",-7,0,5,1,"[1;2.19]",0,"[0;0.79]",0.1,"[0;0.47]",0.01,"[0;0.23]",1.72,0.788
"183","new_conv","Diversion","prison","Fixed","1.06","[0.93; 1.21]",0.87,0.384,11,2.44,"[1.87;3.19]",0.83,"[0.71;0.9]",0.58,"[0.33;1.11]",0.34,"[0.11;1.23]",59.67,0
"184","new_conv","Diversion","prison","Random","0.90","[0.58; 1.40]",-1,1,11,2.44,"[1.87;3.19]",0.83,"[0.71;0.9]",0.58,"[0.33;1.11]",0.34,"[0.11;1.23]",59.67,0
"185","rtj","location_Simon","institution","Fixed","0.57","[0.49; 0.66]",-7.272,0,10,2.03,"[1.49;2.76]",0.76,"[0.55;0.87]",0.44,"[0.2;0.91]",0.19,"[0.04;0.82]",37,0
"186","rtj","location_Simon","institution","Random","0.43","[0.30; 0.63]",-5,0,10,2.03,"[1.49;2.76]",0.76,"[0.55;0.87]",0.44,"[0.2;0.91]",0.19,"[0.04;0.82]",37,0
"187","rtj","location_Simon","community","Fixed","0.76","[0.62; 0.92]",-2.741,0.006,5,1.76,"[1.09;2.83]",0.68,"[0.16;0.87]",0.48,"[0.09;1.66]",0.23,"[0.01;2.77]",12.37,0.015
"188","rtj","location_Simon","community","Random","0.52","[0.25; 1.09]",-2,0,5,1.76,"[1.09;2.83]",0.68,"[0.16;0.87]",0.48,"[0.09;1.66]",0.23,"[0.01;2.77]",12.37,0.015
"189","rtj","location_Simon","both","Fixed","0.79","[0.55;  1.15]",-1.244,0.213,5,2.35,"[1.54;3.57]",0.82,"[0.58;0.92]",1.06,"[0.48;3.38]",1.13,"[0.23;11.41]",22.02,0
"190","rtj","location_Simon","both","Random","0.64","[0.13;  3.10]",-1,0,5,2.35,"[1.54;3.57]",0.82,"[0.58;0.92]",1.06,"[0.48;3.38]",1.13,"[0.23;11.41]",22.02,0
"191","rtj","Pathway1","institution","Fixed","0.58","[0.50; 0.67]",-7.113,0,11,1.99,"[1.48;2.68]",0.75,"[0.54;0.86]",0.52,"[0.23;1.03]",0.27,"[0.05;1.07]",39.75,0
"192","rtj","Pathway1","institution","Random","0.46","[0.31; 0.68]",-4,0,11,1.99,"[1.48;2.68]",0.75,"[0.54;0.86]",0.52,"[0.23;1.03]",0.27,"[0.05;1.07]",39.75,0
"193","rtj","Pathway1","community","Fixed","0.82","[0.66;   1.02]",-1.763,0.078,3,1.32,"[1;2.39]",0.42,"[0;0.83]",0.36,"[0;3.13]",0.13,"[0;9.79]",3.46,0.177
"194","rtj","Pathway1","community","Random","0.67","[0.21;   2.16]",-1,0,3,1.32,"[1;2.39]",0.42,"[0;0.83]",0.36,"[0;3.13]",0.13,"[0;9.79]",3.46,0.177
"195","rtj","Pathway1","diversion","Fixed","0.44","[0.26;   0.75]",-2.984,0.003,2,1.93,"[1;4.08]",0.73,"[0;0.94]",0.65,"[NA;NA]",0.42,"[NA;NA]",3.74,0.053
"196","rtj","Pathway1","diversion","Random","0.37","[0.00; 475.02]",-2,0,2,1.93,"[1;4.08]",0.73,"[0;0.94]",0.65,"[NA;NA]",0.42,"[NA;NA]",3.74,0.053
"197","rtj","Pathway1","both","Fixed","0.73","[0.49;   1.09]",-1.557,0.12,4,2.69,"[1.73;4.2]",0.86,"[0.66;0.94]",1.14,"[0.52;4.62]",1.29,"[0.27;21.32]",21.76,0
"198","rtj","Pathway1","both","Random","0.50","[0.06;   4.41]",-1,0,4,2.69,"[1.73;4.2]",0.86,"[0.66;0.94]",1.14,"[0.52;4.62]",1.29,"[0.27;21.32]",21.76,0
"199","rtj","Gendered","Yes","Fixed","0.33","[0.24; 0.44]",-7.222,0,9,1.46,"[1;2.13]",0.53,"[0.01;0.78]",0.52,"[0;1.16]",0.27,"[0;1.33]",17.12,0.029
"200","rtj","Gendered","Yes","Random","0.30","[0.18; 0.51]",-5,0,9,1.46,"[1;2.13]",0.53,"[0.01;0.78]",0.52,"[0;1.16]",0.27,"[0;1.33]",17.12,0.029
"201","rtj","Gendered","Partially","Fixed","0.40","[0.24; 0.64]",-3.771,0,2,1,"[NA;NA]",0,"[NA;NA]",0.04,"[NA;NA]",0,"[NA;NA]",0.17,0.679
"202","rtj","Gendered","Partially","Random","0.39","[0.11; 1.43]",-9,0,2,1,"[NA;NA]",0,"[NA;NA]",0.04,"[NA;NA]",0,"[NA;NA]",0.17,0.679
"203","rtj","Gendered","No","Fixed","0.76","[0.67; 0.87]",-4.095,0,9,2.21,"[1.61;3.02]",0.79,"[0.62;0.89]",0.51,"[0.27;1.08]",0.26,"[0.07;1.17]",38.93,0
"204","rtj","Gendered","No","Random","0.72","[0.45; 1.14]",-2,0,9,2.21,"[1.61;3.02]",0.79,"[0.62;0.89]",0.51,"[0.27;1.08]",0.26,"[0.07;1.17]",38.93,0
"205","rtj","focus_Simon","Parenting","Fixed","0.20","[0.08; 0.50]",-3.505,0,1,NA,"[NA;NA]",NA,"[NA;NA]",NA,"[NA;NA]",NA,"[NA;NA]",0,NA
"206","rtj","focus_Simon","Parenting","Random","","",-4,0,1,NA,"[NA;NA]",NA,"[NA;NA]",NA,"[NA;NA]",NA,"[NA;NA]",0,NA
"207","rtj","focus_Simon","Cognitive Skills","Fixed","0.83","[0.67;   1.02]",-1.756,0.079,3,1.27,"[1;2.27]",0.38,"[0;0.81]",0.38,"[0;3.36]",0.14,"[0;11.31]",3.23,0.199
"208","rtj","focus_Simon","Cognitive Skills","Random","0.71","[0.23;   2.18]",-1,0,3,1.27,"[1;2.27]",0.38,"[0;0.81]",0.38,"[0;3.36]",0.14,"[0;11.31]",3.23,0.199
"209","rtj","focus_Simon","Substance Use","Fixed","0.42","[0.35; 0.51]",-8.899,0,11,1.51,"[1.08;2.12]",0.56,"[0.14;0.78]",0.57,"[0.12;1.15]",0.33,"[0.02;1.33]",22.9,0.011
"210","rtj","focus_Simon","Substance Use","Random","0.40","[0.26; 0.63]",-5,0,11,1.51,"[1.08;2.12]",0.56,"[0.14;0.78]",0.57,"[0.12;1.15]",0.33,"[0.02;1.33]",22.9,0.011
"211","rtj","focus_Simon","Complex Needs","Fixed","0.93","[0.62;  1.40]",-0.33,0.742,4,2.43,"[1.52;3.88]",0.83,"[0.57;0.93]",0.86,"[0.35;3.65]",0.74,"[0.12;13.31]",17.67,0.001
"212","rtj","focus_Simon","Complex Needs","Random","0.57","[0.10;  3.15]",-1,0,4,2.43,"[1.52;3.88]",0.83,"[0.57;0.93]",0.86,"[0.35;3.65]",0.74,"[0.12;13.31]",17.67,0.001
"213","rtj","focus_Simon","Employment","Fixed","0.91","[0.71; 1.16]",-0.756,0.45,1,NA,"[NA;NA]",NA,"[NA;NA]",NA,"[NA;NA]",NA,"[NA;NA]",0,NA
"214","rtj","focus_Simon","Employment","Random","","",-1,0,1,NA,"[NA;NA]",NA,"[NA;NA]",NA,"[NA;NA]",NA,"[NA;NA]",0,NA
"215","rtj","approach","unknown","Fixed","0.95","[0.62;        1.45]",-0.261,0.794,3,3.33,"[2.06;5.37]",0.91,"[0.76;0.97]",1.22,"[0.55;8.29]",1.5,"[0.3;68.71]",22.13,0
"216","rtj","approach","unknown","Random","0.46","[0.02;       13.41]",-1,0,3,3.33,"[2.06;5.37]",0.91,"[0.76;0.97]",1.22,"[0.55;8.29]",1.5,"[0.3;68.71]",22.13,0
"217","rtj","approach","Individual","Fixed","0.53","[0.33;    0.87]",-2.53,0.011,3,1.67,"[1;3.12]",0.64,"[0;0.9]",0.59,"[0;4.62]",0.35,"[0;21.36]",5.57,0.062
"218","rtj","approach","Individual","Random","0.48","[0.08;    2.99]",-2,0,3,1.67,"[1;3.12]",0.64,"[0;0.9]",0.59,"[0;4.62]",0.35,"[0;21.36]",5.57,0.062
"219","rtj","approach","Group","Fixed","0.63","[0.56; 0.71]",-7.291,0,14,1.99,"[1.53;2.59]",0.75,"[0.57;0.85]",0.53,"[0.25;0.95]",0.28,"[0.06;0.91]",51.45,0
"220","rtj","approach","Group","Random","0.48","[0.33; 0.68]",-4,0,14,1.99,"[1.53;2.59]",0.75,"[0.57;0.85]",0.53,"[0.25;0.95]",0.28,"[0.06;0.91]",51.45,0
"221","rtj","Therapeutic","unknown","Fixed","0.20","[0.09; 0.43]",-4.07,0,2,1,"[NA;NA]",0,"[NA;NA]",0,"[NA;NA]",0,"[NA;NA]",0.01,0.927
"222","rtj","Therapeutic","unknown","Random","0.20","[0.13; 0.32]",-45,0,2,1,"[NA;NA]",0,"[NA;NA]",0,"[NA;NA]",0,"[NA;NA]",0.01,0.927
"223","rtj","Therapeutic","Therapeutic","Fixed","0.48","[0.38; 0.60]",-6.39,0,6,1.3,"[1;2.07]",0.41,"[0;0.77]",0.31,"[0;0.96]",0.09,"[0;0.92]",8.46,0.132
"224","rtj","Therapeutic","Therapeutic","Random","0.46","[0.30; 0.71]",-5,0,6,1.3,"[1;2.07]",0.41,"[0;0.77]",0.31,"[0;0.96]",0.09,"[0;0.92]",8.46,0.132
"225","rtj","Therapeutic","Not Therapeutic","Fixed","0.75","[0.65; 0.85]",-4.224,0,12,2.17,"[1.66;2.85]",0.79,"[0.64;0.88]",0.73,"[0.41;1.36]",0.54,"[0.17;1.84]",51.99,0
"226","rtj","Therapeutic","Not Therapeutic","Random","0.55","[0.32; 0.92]",-3,0,12,2.17,"[1.66;2.85]",0.79,"[0.64;0.88]",0.73,"[0.41;1.36]",0.54,"[0.17;1.84]",51.99,0
"227","rtj","age_cat","Less Than 34","Fixed","0.83","[0.69; 1.00]",-1.976,0.048,7,2.1,"[1.46;3.04]",0.77,"[0.53;0.89]",0.95,"[0.44;2.33]",0.9,"[0.19;5.42]",26.58,0
"228","rtj","age_cat","Less Than 34","Random","0.64","[0.24; 1.71]",-1,0,7,2.1,"[1.46;3.04]",0.77,"[0.53;0.89]",0.95,"[0.44;2.33]",0.9,"[0.19;5.42]",26.58,0
"229","rtj","age_cat","34 and Older","Fixed","0.57","[0.49; 0.66]",-7.308,0,11,1.85,"[1.36;2.51]",0.71,"[0.46;0.84]",0.36,"[0.16;0.72]",0.13,"[0.02;0.52]",34.15,0
"230","rtj","age_cat","34 and Older","Random","0.45","[0.33; 0.62]",-6,0,11,1.85,"[1.36;2.51]",0.71,"[0.46;0.84]",0.36,"[0.16;0.72]",0.13,"[0.02;0.52]",34.15,0
"231","rtj","studylength_cat","More than 6 Months","Fixed","0.90","[0.73; 1.10]",-1.03,0.303,6,2.12,"[1.43;3.16]",0.78,"[0.51;0.9]",0.78,"[0.34;2.16]",0.61,"[0.11;4.66]",22.53,0
"232","rtj","studylength_cat","More than 6 Months","Random","0.64","[0.25; 1.64]",-1,0,6,2.12,"[1.43;3.16]",0.78,"[0.51;0.9]",0.78,"[0.34;2.16]",0.61,"[0.11;4.66]",22.53,0
"233","rtj","studylength_cat","Less than 6 Months","Fixed","0.70","[0.58; 0.84]",-3.775,0,8,1.82,"[1.26;2.63]",0.7,"[0.37;0.86]",0.53,"[0.18;1.26]",0.28,"[0.03;1.59]",23.24,0.002
"234","rtj","studylength_cat","Less than 6 Months","Random","0.48","[0.28; 0.85]",-3,0,8,1.82,"[1.26;2.63]",0.7,"[0.37;0.86]",0.53,"[0.18;1.26]",0.28,"[0.03;1.59]",23.24,0.002
"235","rtj","studylength_cat2","More than 12 Months","Fixed","0.91","[0.74;  1.13]",-0.862,0.388,5,2.37,"[1.56;3.59]",0.82,"[0.59;0.92]",0.88,"[0.4;2.81]",0.77,"[0.16;7.92]",22.38,0
"236","rtj","studylength_cat2","More than 12 Months","Random","0.60","[0.17;  2.10]",-1,0,5,2.37,"[1.56;3.59]",0.82,"[0.59;0.92]",0.88,"[0.4;2.81]",0.77,"[0.16;7.92]",22.38,0
"237","rtj","studylength_cat2","Less than 12 Months","Fixed","0.70","[0.59; 0.84]",-3.825,0,9,1.71,"[1.2;2.43]",0.66,"[0.3;0.83]",0.51,"[0.16;1.14]",0.26,"[0.02;1.3]",23.34,0.003
"238","rtj","studylength_cat2","Less than 12 Months","Random","0.52","[0.32; 0.85]",-3,0,9,1.71,"[1.2;2.43]",0.66,"[0.3;0.83]",0.51,"[0.16;1.14]",0.26,"[0.02;1.3]",23.34,0.003
"239","rtj","Diversion","prison","Fixed","0.66","[0.58; 0.74]",-7.013,0,18,2.11,"[1.69;2.64]",0.78,"[0.65;0.86]",0.63,"[0.37;1.02]",0.4,"[0.13;1.04]",75.81,0
"240","rtj","Diversion","prison","Random","0.49","[0.34; 0.71]",-4,0,18,2.11,"[1.69;2.64]",0.78,"[0.65;0.86]",0.63,"[0.37;1.02]",0.4,"[0.13;1.04]",75.81,0
"241","rtj","Diversion","diversion","Fixed","0.44","[0.26;   0.75]",-2.984,0.003,2,1.93,"[1;4.08]",0.73,"[0;0.94]",0.65,"[NA;NA]",0.42,"[NA;NA]",3.74,0.053
"242","rtj","Diversion","diversion","Random","0.37","[0.00; 475.02]",-2,0,2,1.93,"[1;4.08]",0.73,"[0;0.94]",0.65,"[NA;NA]",0.42,"[NA;NA]",3.74,0.053
"243","SMS","location_Simon","institution","Fixed","0.62","[0.54; 0.71]",-6.7,0,10,2.15,"[1.6;2.91]",0.78,"[0.61;0.88]",0.58,"[0.29;1.17]",0.34,"[0.09;1.37]",41.77,0
"244","SMS","location_Simon","institution","Random","0.59","[0.37; 0.92]",-3,0,10,2.15,"[1.6;2.91]",0.78,"[0.61;0.88]",0.58,"[0.29;1.17]",0.34,"[0.09;1.37]",41.77,0
"245","SMS","location_Simon","community","Fixed","0.68","[0.62; 0.75]",-7.476,0,12,4.06,"[3.36;4.91]",0.94,"[0.91;0.96]",0.65,"[0.37;1.21]",0.42,"[0.13;1.45]",181.6,0
"246","SMS","location_Simon","community","Random","0.69","[0.45; 1.07]",-2,0,12,4.06,"[3.36;4.91]",0.94,"[0.91;0.96]",0.65,"[0.37;1.21]",0.42,"[0.13;1.45]",181.6,0
"247","SMS","location_Simon","both","Fixed","1.01","[0.69;  1.48]",0.05,0.96,3,1,"[1;3.1]",0,"[0;0.9]",0.18,"[0;2.87]",0.03,"[0;8.22]",0.52,0.77
"248","SMS","location_Simon","both","Random","0.99","[0.60;  1.66]",0,1,3,1,"[1;3.1]",0,"[0;0.9]",0.18,"[0;2.87]",0.03,"[0;8.22]",0.52,0.77
"249","SMS","Pathway1","institution","Fixed","0.62","[0.53; 0.71]",-6.774,0,10,2.12,"[1.57;2.87]",0.78,"[0.59;0.88]",0.56,"[0.28;1.12]",0.31,"[0.08;1.25]",40.59,0
"250","SMS","Pathway1","institution","Random","0.58","[0.37; 0.89]",-3,0,10,2.12,"[1.57;2.87]",0.78,"[0.59;0.88]",0.56,"[0.28;1.12]",0.31,"[0.08;1.25]",40.59,0
"251","SMS","Pathway1","community","Fixed","0.71","[0.64; 0.78]",-6.795,0,12,4.12,"[3.41;4.97]",0.94,"[0.91;0.96]",0.67,"[0.37;1.26]",0.45,"[0.14;1.59]",186.28,0
"252","SMS","Pathway1","community","Random","0.78","[0.50; 1.22]",-1,0,12,4.12,"[3.41;4.97]",0.94,"[0.91;0.96]",0.67,"[0.37;1.26]",0.45,"[0.14;1.59]",186.28,0
"253","SMS","Pathway1","diversion","Fixed","0.56","[0.34; 0.90]",-2.379,0.017,2,1,"[NA;NA]",0,"[NA;NA]",0.05,"[NA;NA]",0,"[NA;NA]",0.2,0.651
"254","SMS","Pathway1","diversion","Random","0.55","[0.13; 2.30]",-5,0,2,1,"[NA;NA]",0,"[NA;NA]",0.05,"[NA;NA]",0,"[NA;NA]",0.2,0.651
"255","SMS","Pathway1","both","Fixed","0.43","[0.04; 5.14]",-0.664,0.507,1,NA,"[NA;NA]",NA,"[NA;NA]",NA,"[NA;NA]",NA,"[NA;NA]",0,NA
"256","SMS","Pathway1","both","Random","","",-1,1,1,NA,"[NA;NA]",NA,"[NA;NA]",NA,"[NA;NA]",NA,"[NA;NA]",0,NA
"257","SMS","Gendered","No","Fixed","0.67","[0.61; 0.73]",-8.386,0,14,3.96,"[3.31;4.73]",0.94,"[0.91;0.96]",0.7,"[0.43;1.22]",0.5,"[0.18;1.49]",203.76,0
"258","SMS","Gendered","No","Random","0.75","[0.49; 1.15]",-1,0,14,3.96,"[3.31;4.73]",0.94,"[0.91;0.96]",0.7,"[0.43;1.22]",0.5,"[0.18;1.49]",203.76,0
"259","SMS","Gendered","Yes","Fixed","0.53","[0.44; 0.65]",-6.321,0,10,1.06,"[1;1.42]",0.1,"[0;0.51]",0.31,"[0;0.68]",0.09,"[0;0.46]",10.03,0.348
"260","SMS","Gendered","Yes","Random","0.53","[0.40; 0.69]",-5,0,10,1.06,"[1;1.42]",0.1,"[0;0.51]",0.31,"[0;0.68]",0.09,"[0;0.46]",10.03,0.348
"261","SMS","Gendered","Partially","Fixed","0.97","[0.77; 1.21]",-0.287,0.774,1,NA,"[NA;NA]",NA,"[NA;NA]",NA,"[NA;NA]",NA,"[NA;NA]",0,NA
"262","SMS","Gendered","Partially","Random","","",0,1,1,NA,"[NA;NA]",NA,"[NA;NA]",NA,"[NA;NA]",NA,"[NA;NA]",0,NA
"263","SMS","focus_Simon","Cognitive Skills","Fixed","1.00","[0.86; 1.16]",-0.013,0.99,8,2.86,"[2.14;3.82]",0.88,"[0.78;0.93]",0.85,"[0.39;2.06]",0.73,"[0.15;4.23]",57.26,0
"264","SMS","focus_Simon","Cognitive Skills","Random","0.78","[0.37; 1.64]",-1,0,8,2.86,"[2.14;3.82]",0.88,"[0.78;0.93]",0.85,"[0.39;2.06]",0.73,"[0.15;4.23]",57.26,0
"265","SMS","focus_Simon","Complex Needs","Fixed","0.48","[0.42; 0.55]",-10.699,0,4,4.98,"[3.63;6.83]",0.96,"[0.92;0.98]",0.51,"[0.28;1.98]",0.26,"[0.08;3.93]",74.31,0
"266","SMS","focus_Simon","Complex Needs","Random","0.54","[0.21; 1.41]",-2,0,4,4.98,"[3.63;6.83]",0.96,"[0.92;0.98]",0.51,"[0.28;1.98]",0.26,"[0.08;3.93]",74.31,0
"267","SMS","focus_Simon","Substance Use","Fixed","0.59","[0.50; 0.70]",-6.376,0,12,1.72,"[1.27;2.34]",0.66,"[0.38;0.82]",0.45,"[0.2;0.86]",0.21,"[0.04;0.74]",32.68,0.001
"268","SMS","focus_Simon","Substance Use","Random","0.60","[0.43; 0.85]",-3,0,12,1.72,"[1.27;2.34]",0.66,"[0.38;0.82]",0.45,"[0.2;0.86]",0.21,"[0.04;0.74]",32.68,0.001
"269","SMS","focus_Simon","Employment","Fixed","0.91","[0.71; 1.16]",-0.756,0.45,1,NA,"[NA;NA]",NA,"[NA;NA]",NA,"[NA;NA]",NA,"[NA;NA]",0,NA
"270","SMS","focus_Simon","Employment","Random","","",-1,0,1,NA,"[NA;NA]",NA,"[NA;NA]",NA,"[NA;NA]",NA,"[NA;NA]",0,NA
"271","SMS","approach","Group","Fixed","0.75","[0.68; 0.83]",-5.538,0,17,1.89,"[1.48;2.41]",0.72,"[0.54;0.83]",0.57,"[0.26;0.9]",0.32,"[0.07;0.82]",57.2,0
"272","SMS","approach","Group","Random","0.64","[0.47; 0.88]",-3,0,17,1.89,"[1.48;2.41]",0.72,"[0.54;0.83]",0.57,"[0.26;0.9]",0.32,"[0.07;0.82]",57.2,0
"273","SMS","approach","unknown","Fixed","0.54","[0.46;       0.62]",-8.212,0,3,8.43,"[6.4;11.11]",0.99,"[0.98;0.99]",1.04,"[0.53;6.63]",1.09,"[0.29;43.94]",142.14,0
"274","SMS","approach","unknown","Random","0.82","[0.06;      12.09]",0,1,3,8.43,"[6.4;11.11]",0.99,"[0.98;0.99]",1.04,"[0.53;6.63]",1.09,"[0.29;43.94]",142.14,0
"275","SMS","approach","Individual","Fixed","0.63","[0.49; 0.82]",-3.439,0.001,5,1.55,"[1;2.54]",0.58,"[0;0.85]",0.36,"[0;1.26]",0.13,"[0;1.59]",9.61,0.047
"276","SMS","approach","Individual","Random","0.65","[0.36; 1.16]",-2,0,5,1.55,"[1;2.54]",0.58,"[0;0.85]",0.36,"[0;1.26]",0.13,"[0;1.59]",9.61,0.047
"277","SMS","Therapeutic","Not Therapeutic","Fixed","0.97","[0.87; 1.07]",-0.665,0.506,14,2.26,"[1.77;2.88]",0.8,"[0.68;0.88]",0.64,"[0.31;1.11]",0.41,"[0.1;1.23]",66.18,0
"278","SMS","Therapeutic","Not Therapeutic","Random","0.84","[0.57; 1.22]",-1,0,14,2.26,"[1.77;2.88]",0.8,"[0.68;0.88]",0.64,"[0.31;1.11]",0.41,"[0.1;1.23]",66.18,0
"279","SMS","Therapeutic","unknown","Fixed","0.27","[0.23; 0.33]",-13.864,0,1,NA,"[NA;NA]",NA,"[NA;NA]",NA,"[NA;NA]",NA,"[NA;NA]",0,NA
"280","SMS","Therapeutic","unknown","Random","","",-14,0,1,NA,"[NA;NA]",NA,"[NA;NA]",NA,"[NA;NA]",NA,"[NA;NA]",0,NA
"281","SMS","Therapeutic","Therapeutic","Fixed","0.51","[0.43; 0.61]",-7.397,0,10,1.25,"[1;1.81]",0.36,"[0;0.69]",0.35,"[0;0.76]",0.12,"[0;0.57]",14.06,0.12
"282","SMS","Therapeutic","Therapeutic","Random","0.52","[0.38; 0.71]",-5,0,10,1.25,"[1;1.81]",0.36,"[0;0.69]",0.35,"[0;0.76]",0.12,"[0;0.57]",14.06,0.12
"283","SMS","age_cat","Less Than 34","Fixed","0.66","[0.60; 0.73]",-7.867,0,8,5.04,"[4.09;6.2]",0.96,"[0.94;0.97]",0.79,"[0.42;1.87]",0.62,"[0.18;3.48]",177.81,0
"284","SMS","age_cat","Less Than 34","Random","0.64","[0.33; 1.26]",-2,0,8,5.04,"[4.09;6.2]",0.96,"[0.94;0.97]",0.79,"[0.42;1.87]",0.62,"[0.18;3.48]",177.81,0
"285","SMS","age_cat","34 and Older","Fixed","0.67","[0.59; 0.77]",-5.97,0,15,1.69,"[1.28;2.22]",0.65,"[0.39;0.8]",0.4,"[0.18;0.7]",0.16,"[0.03;0.49]",39.89,0
"286","SMS","age_cat","34 and Older","Random","0.64","[0.49; 0.84]",-4,0,15,1.69,"[1.28;2.22]",0.65,"[0.39;0.8]",0.4,"[0.18;0.7]",0.16,"[0.03;0.49]",39.89,0
"287","SMS","studylength_cat","More than 6 Months","Fixed","0.73","[0.62; 0.88]",-3.424,0.001,5,1.3,"[1;2.13]",0.41,"[0;0.78]",0.18,"[0;0.67]",0.03,"[0;0.45]",6.72,0.151
"288","SMS","studylength_cat","More than 6 Months","Random","0.68","[0.49; 0.94]",-3,0,5,1.3,"[1;2.13]",0.41,"[0;0.78]",0.18,"[0;0.67]",0.03,"[0;0.45]",6.72,0.151
"289","SMS","studylength_cat","Less than 6 Months","Fixed","0.77","[0.66; 0.90]",-3.239,0.001,12,1.57,"[1.14;2.15]",0.59,"[0.23;0.78]",0.59,"[0.15;1.1]",0.34,"[0.02;1.22]",26.99,0.005
"290","SMS","studylength_cat","Less than 6 Months","Random","0.66","[0.44; 1.00]",-2,0,12,1.57,"[1.14;2.15]",0.59,"[0.23;0.78]",0.59,"[0.15;1.1]",0.34,"[0.02;1.22]",26.99,0.005
"291","SMS","studylength_cat2","Less than 12 Months","Fixed","0.74","[0.64; 0.85]",-4.191,0,14,1.51,"[1.12;2.04]",0.56,"[0.21;0.76]",0.53,"[0.13;0.9]",0.28,"[0.02;0.82]",29.78,0.005
"292","SMS","studylength_cat2","Less than 12 Months","Random","0.65","[0.47; 0.91]",-3,0,14,1.51,"[1.12;2.04]",0.56,"[0.21;0.76]",0.53,"[0.13;0.9]",0.28,"[0.02;0.82]",29.78,0.005
"293","SMS","studylength_cat2","More than 12 Months","Fixed","0.79","[0.65;  0.98]",-2.195,0.028,3,1.42,"[1;2.64]",0.5,"[0;0.86]",0.23,"[0;1.93]",0.05,"[0;3.71]",4.04,0.133
"294","SMS","studylength_cat2","More than 12 Months","Random","0.72","[0.34;  1.51]",-2,0,3,1.42,"[1;2.64]",0.5,"[0;0.86]",0.23,"[0;1.93]",0.05,"[0;3.71]",4.04,0.133
"295","SMS","Diversion","prison","Fixed","0.68","[0.62; 0.73]",-9.506,0,23,3.22,"[2.76;3.76]",0.9,"[0.87;0.93]",0.6,"[0.39;0.88]",0.37,"[0.15;0.78]",228.4,0
"296","SMS","Diversion","prison","Random","0.67","[0.51; 0.90]",-3,0,23,3.22,"[2.76;3.76]",0.9,"[0.87;0.93]",0.6,"[0.39;0.88]",0.37,"[0.15;0.78]",228.4,0
"297","SMS","Diversion","diversion","Fixed","0.56","[0.34; 0.90]",-2.379,0.017,2,1,"[NA;NA]",0,"[NA;NA]",0.05,"[NA;NA]",0,"[NA;NA]",0.2,0.651
"298","SMS","Diversion","diversion","Random","0.55","[0.13; 2.30]",-5,0,2,1,"[NA;NA]",0,"[NA;NA]",0.05,"[NA;NA]",0,"[NA;NA]",0.2,0.651
"299","maxES","location_Simon","institution","Fixed","0.62","[0.54; 0.71]",-6.7,0,10,2.15,"[1.6;2.91]",0.78,"[0.61;0.88]",0.58,"[0.29;1.17]",0.34,"[0.09;1.37]",41.77,0
"300","maxES","location_Simon","institution","Random","0.59","[0.37; 0.92]",-3,0,10,2.15,"[1.6;2.91]",0.78,"[0.61;0.88]",0.58,"[0.29;1.17]",0.34,"[0.09;1.37]",41.77,0
"301","maxES","location_Simon","community","Fixed","0.68","[0.62; 0.75]",-7.476,0,12,4.06,"[3.36;4.91]",0.94,"[0.91;0.96]",0.65,"[0.37;1.21]",0.42,"[0.13;1.45]",181.6,0
"302","maxES","location_Simon","community","Random","0.69","[0.45; 1.07]",-2,0,12,4.06,"[3.36;4.91]",0.94,"[0.91;0.96]",0.65,"[0.37;1.21]",0.42,"[0.13;1.45]",181.6,0
"303","maxES","location_Simon","both","Fixed","1.01","[0.69;  1.48]",0.05,0.96,3,1,"[1;3.1]",0,"[0;0.9]",0.18,"[0;2.87]",0.03,"[0;8.22]",0.52,0.77
"304","maxES","location_Simon","both","Random","0.99","[0.60;  1.66]",0,1,3,1,"[1;3.1]",0,"[0;0.9]",0.18,"[0;2.87]",0.03,"[0;8.22]",0.52,0.77
"305","maxES","Pathway1","institution","Fixed","0.62","[0.53; 0.71]",-6.774,0,10,2.12,"[1.57;2.87]",0.78,"[0.59;0.88]",0.56,"[0.28;1.12]",0.31,"[0.08;1.25]",40.59,0
"306","maxES","Pathway1","institution","Random","0.58","[0.37; 0.89]",-3,0,10,2.12,"[1.57;2.87]",0.78,"[0.59;0.88]",0.56,"[0.28;1.12]",0.31,"[0.08;1.25]",40.59,0
"307","maxES","Pathway1","community","Fixed","0.71","[0.64; 0.78]",-6.795,0,12,4.12,"[3.41;4.97]",0.94,"[0.91;0.96]",0.67,"[0.37;1.26]",0.45,"[0.14;1.59]",186.28,0
"308","maxES","Pathway1","community","Random","0.78","[0.50; 1.22]",-1,0,12,4.12,"[3.41;4.97]",0.94,"[0.91;0.96]",0.67,"[0.37;1.26]",0.45,"[0.14;1.59]",186.28,0
"309","maxES","Pathway1","diversion","Fixed","0.56","[0.34; 0.90]",-2.379,0.017,2,1,"[NA;NA]",0,"[NA;NA]",0.05,"[NA;NA]",0,"[NA;NA]",0.2,0.651
"310","maxES","Pathway1","diversion","Random","0.55","[0.13; 2.30]",-5,0,2,1,"[NA;NA]",0,"[NA;NA]",0.05,"[NA;NA]",0,"[NA;NA]",0.2,0.651
"311","maxES","Pathway1","both","Fixed","0.43","[0.04; 5.14]",-0.664,0.507,1,NA,"[NA;NA]",NA,"[NA;NA]",NA,"[NA;NA]",NA,"[NA;NA]",0,NA
"312","maxES","Pathway1","both","Random","","",-1,1,1,NA,"[NA;NA]",NA,"[NA;NA]",NA,"[NA;NA]",NA,"[NA;NA]",0,NA
"313","maxES","Gendered","No","Fixed","0.67","[0.61; 0.73]",-8.386,0,14,3.96,"[3.31;4.73]",0.94,"[0.91;0.96]",0.7,"[0.43;1.22]",0.5,"[0.18;1.49]",203.76,0
"314","maxES","Gendered","No","Random","0.75","[0.49; 1.15]",-1,0,14,3.96,"[3.31;4.73]",0.94,"[0.91;0.96]",0.7,"[0.43;1.22]",0.5,"[0.18;1.49]",203.76,0
"315","maxES","Gendered","Yes","Fixed","0.53","[0.44; 0.65]",-6.321,0,10,1.06,"[1;1.42]",0.1,"[0;0.51]",0.31,"[0;0.68]",0.09,"[0;0.46]",10.03,0.348
"316","maxES","Gendered","Yes","Random","0.53","[0.40; 0.69]",-5,0,10,1.06,"[1;1.42]",0.1,"[0;0.51]",0.31,"[0;0.68]",0.09,"[0;0.46]",10.03,0.348
"317","maxES","Gendered","Partially","Fixed","0.97","[0.77; 1.21]",-0.287,0.774,1,NA,"[NA;NA]",NA,"[NA;NA]",NA,"[NA;NA]",NA,"[NA;NA]",0,NA
"318","maxES","Gendered","Partially","Random","","",0,1,1,NA,"[NA;NA]",NA,"[NA;NA]",NA,"[NA;NA]",NA,"[NA;NA]",0,NA
"319","maxES","focus_Simon","Cognitive Skills","Fixed","1.00","[0.86; 1.16]",-0.013,0.99,8,2.86,"[2.14;3.82]",0.88,"[0.78;0.93]",0.85,"[0.39;2.06]",0.73,"[0.15;4.23]",57.26,0
"320","maxES","focus_Simon","Cognitive Skills","Random","0.78","[0.37; 1.64]",-1,0,8,2.86,"[2.14;3.82]",0.88,"[0.78;0.93]",0.85,"[0.39;2.06]",0.73,"[0.15;4.23]",57.26,0
"321","maxES","focus_Simon","Complex Needs","Fixed","0.48","[0.42; 0.55]",-10.699,0,4,4.98,"[3.63;6.83]",0.96,"[0.92;0.98]",0.51,"[0.28;1.98]",0.26,"[0.08;3.93]",74.31,0
"322","maxES","focus_Simon","Complex Needs","Random","0.54","[0.21; 1.41]",-2,0,4,4.98,"[3.63;6.83]",0.96,"[0.92;0.98]",0.51,"[0.28;1.98]",0.26,"[0.08;3.93]",74.31,0
"323","maxES","focus_Simon","Substance Use","Fixed","0.59","[0.50; 0.70]",-6.376,0,12,1.72,"[1.27;2.34]",0.66,"[0.38;0.82]",0.45,"[0.2;0.86]",0.21,"[0.04;0.74]",32.68,0.001
"324","maxES","focus_Simon","Substance Use","Random","0.60","[0.43; 0.85]",-3,0,12,1.72,"[1.27;2.34]",0.66,"[0.38;0.82]",0.45,"[0.2;0.86]",0.21,"[0.04;0.74]",32.68,0.001
"325","maxES","focus_Simon","Employment","Fixed","0.91","[0.71; 1.16]",-0.756,0.45,1,NA,"[NA;NA]",NA,"[NA;NA]",NA,"[NA;NA]",NA,"[NA;NA]",0,NA
"326","maxES","focus_Simon","Employment","Random","","",-1,0,1,NA,"[NA;NA]",NA,"[NA;NA]",NA,"[NA;NA]",NA,"[NA;NA]",0,NA
"327","maxES","approach","Group","Fixed","0.75","[0.68; 0.83]",-5.538,0,17,1.89,"[1.48;2.41]",0.72,"[0.54;0.83]",0.57,"[0.26;0.9]",0.32,"[0.07;0.82]",57.2,0
"328","maxES","approach","Group","Random","0.64","[0.47; 0.88]",-3,0,17,1.89,"[1.48;2.41]",0.72,"[0.54;0.83]",0.57,"[0.26;0.9]",0.32,"[0.07;0.82]",57.2,0
"329","maxES","approach","unknown","Fixed","0.54","[0.46;       0.62]",-8.212,0,3,8.43,"[6.4;11.11]",0.99,"[0.98;0.99]",1.04,"[0.53;6.63]",1.09,"[0.29;43.94]",142.14,0
"330","maxES","approach","unknown","Random","0.82","[0.06;      12.09]",0,1,3,8.43,"[6.4;11.11]",0.99,"[0.98;0.99]",1.04,"[0.53;6.63]",1.09,"[0.29;43.94]",142.14,0
"331","maxES","approach","Individual","Fixed","0.63","[0.49; 0.82]",-3.439,0.001,5,1.55,"[1;2.54]",0.58,"[0;0.85]",0.36,"[0;1.26]",0.13,"[0;1.59]",9.61,0.047
"332","maxES","approach","Individual","Random","0.65","[0.36; 1.16]",-2,0,5,1.55,"[1;2.54]",0.58,"[0;0.85]",0.36,"[0;1.26]",0.13,"[0;1.59]",9.61,0.047
"333","maxES","Therapeutic","Not Therapeutic","Fixed","0.97","[0.87; 1.07]",-0.665,0.506,14,2.26,"[1.77;2.88]",0.8,"[0.68;0.88]",0.64,"[0.31;1.11]",0.41,"[0.1;1.23]",66.18,0
"334","maxES","Therapeutic","Not Therapeutic","Random","0.84","[0.57; 1.22]",-1,0,14,2.26,"[1.77;2.88]",0.8,"[0.68;0.88]",0.64,"[0.31;1.11]",0.41,"[0.1;1.23]",66.18,0
"335","maxES","Therapeutic","unknown","Fixed","0.27","[0.23; 0.33]",-13.864,0,1,NA,"[NA;NA]",NA,"[NA;NA]",NA,"[NA;NA]",NA,"[NA;NA]",0,NA
"336","maxES","Therapeutic","unknown","Random","","",-14,0,1,NA,"[NA;NA]",NA,"[NA;NA]",NA,"[NA;NA]",NA,"[NA;NA]",0,NA
"337","maxES","Therapeutic","Therapeutic","Fixed","0.51","[0.43; 0.61]",-7.397,0,10,1.25,"[1;1.81]",0.36,"[0;0.69]",0.35,"[0;0.76]",0.12,"[0;0.57]",14.06,0.12
"338","maxES","Therapeutic","Therapeutic","Random","0.52","[0.38; 0.71]",-5,0,10,1.25,"[1;1.81]",0.36,"[0;0.69]",0.35,"[0;0.76]",0.12,"[0;0.57]",14.06,0.12
"339","maxES","age_cat","Less Than 34","Fixed","0.66","[0.60; 0.73]",-7.867,0,8,5.04,"[4.09;6.2]",0.96,"[0.94;0.97]",0.79,"[0.42;1.87]",0.62,"[0.18;3.48]",177.81,0
"340","maxES","age_cat","Less Than 34","Random","0.64","[0.33; 1.26]",-2,0,8,5.04,"[4.09;6.2]",0.96,"[0.94;0.97]",0.79,"[0.42;1.87]",0.62,"[0.18;3.48]",177.81,0
"341","maxES","age_cat","34 and Older","Fixed","0.67","[0.59; 0.77]",-5.97,0,15,1.69,"[1.28;2.22]",0.65,"[0.39;0.8]",0.4,"[0.18;0.7]",0.16,"[0.03;0.49]",39.89,0
"342","maxES","age_cat","34 and Older","Random","0.64","[0.49; 0.84]",-4,0,15,1.69,"[1.28;2.22]",0.65,"[0.39;0.8]",0.4,"[0.18;0.7]",0.16,"[0.03;0.49]",39.89,0
"343","maxES","studylength_cat","More than 6 Months","Fixed","0.73","[0.62; 0.88]",-3.424,0.001,5,1.3,"[1;2.13]",0.41,"[0;0.78]",0.18,"[0;0.67]",0.03,"[0;0.45]",6.72,0.151
"344","maxES","studylength_cat","More than 6 Months","Random","0.68","[0.49; 0.94]",-3,0,5,1.3,"[1;2.13]",0.41,"[0;0.78]",0.18,"[0;0.67]",0.03,"[0;0.45]",6.72,0.151
"345","maxES","studylength_cat","Less than 6 Months","Fixed","0.79","[0.67; 0.92]",-2.922,0.003,11,1.56,"[1.12;2.17]",0.59,"[0.2;0.79]",0.59,"[0.14;1.18]",0.35,"[0.02;1.38]",24.26,0.007
"346","maxES","studylength_cat","Less than 6 Months","Random","0.70","[0.45; 1.08]",-2,0,11,1.56,"[1.12;2.17]",0.59,"[0.2;0.79]",0.59,"[0.14;1.18]",0.35,"[0.02;1.38]",24.26,0.007
"347","maxES","studylength_cat2","Less than 12 Months","Fixed","0.75","[0.65; 0.87]",-3.912,0,13,1.51,"[1.11;2.06]",0.56,"[0.18;0.76]",0.53,"[0.12;0.94]",0.28,"[0.01;0.88]",27.38,0.007
"348","maxES","studylength_cat2","Less than 12 Months","Random","0.68","[0.48; 0.96]",-2,0,13,1.51,"[1.11;2.06]",0.56,"[0.18;0.76]",0.53,"[0.12;0.94]",0.28,"[0.01;0.88]",27.38,0.007
"349","maxES","studylength_cat2","More than 12 Months","Fixed","0.79","[0.65;  0.98]",-2.195,0.028,3,1.42,"[1;2.64]",0.5,"[0;0.86]",0.23,"[0;1.93]",0.05,"[0;3.71]",4.04,0.133
"350","maxES","studylength_cat2","More than 12 Months","Random","0.72","[0.34;  1.51]",-2,0,3,1.42,"[1;2.64]",0.5,"[0;0.86]",0.23,"[0;1.93]",0.05,"[0;3.71]",4.04,0.133
"351","maxES","Diversion","prison","Fixed","0.77","[0.69; 0.87]",-4.195,0,15,1.46,"[1.09;1.96]",0.53,"[0.16;0.74]",0.49,"[0.1;0.79]",0.24,"[0.01;0.62]",29.94,0.008
"352","maxES","Diversion","prison","Random","0.70","[0.53; 0.93]",-3,0,15,1.46,"[1.09;1.96]",0.53,"[0.16;0.74]",0.49,"[0.1;0.79]",0.24,"[0.01;0.62]",29.94,0.008
"353","maxES","Diversion","diversion","Fixed","0.49","[0.24; 1.00]",-1.954,0.051,1,NA,"[NA;NA]",NA,"[NA;NA]",NA,"[NA;NA]",NA,"[NA;NA]",0,NA
"354","maxES","Diversion","diversion","Random","","",-2,0,1,NA,"[NA;NA]",NA,"[NA;NA]",NA,"[NA;NA]",NA,"[NA;NA]",0,NA
